{"cameraMode":{"drawMode":0,"name":"Shaded","section":"Shading Mode"},"sceneLighting":true,"audioPlay":false,"sceneViewState":{"showFog":true,"showMaterialUpdate":false,"showSkybox":true,"showFlares":true,"showImageEffects":true,"showParticleSystems":true},"in2DMode":false,"pivot":{"x":-4.238008499145508,"y":-5.091647624969482,"z":-7.358578681945801},"rotation":{"x":-0.026381202042102815,"y":0.9729125499725342,"z":-0.18036766350269319,"w":-0.1422654390335083},"size":9.286612510681153,"orthographic":false}